Machine,Vibration,Temp,Power,Defect,RiskScore
M1,1.8,68,4.5,2,27.2
M2,2.4,72,5.1,5,33.8823529411765
M3,1.5,65,4.2,1,23.2142857142857
M4,3.1,78,6.3,8,38.3809523809524
M5,2.7,74,5.7,6,35.0526315789474
M6,1.9,69,4.8,3,27.3125
M7,3.5,82,6.8,10,42.2058823529412
M8,2.2,71,5,4,31.24
M9,1.6,66,4.4,1,24
M10,2.9,76,6,7,36.7333333333333
